url,score,totalLinks,workingLinks,brokenLinks,brokenWhatsapp,brokenPhones,brokenEmails,type
"https://iitianspace.com",0,80,66,14,"","0222061779777 | 0222028985577 | 0222028985578 | 02227720152 | 932442013072 | 900432012557 | 0251231833 | 91208097730729 | 07777001851 | 777702068480 | 905992068480 | 0832202463511 | 06542232031 | 06542203041","",broken
"https://www.akglobaldent.com",0,19,14,5,"","01244846910 | 01244469779 | 01244846910 | 01244846910 | 01244469779","",broken
"https://surattextilehub.com",0,8,3,5,"https://api.whatsapp.com/send?phone=+918238250006&amp;text= | https://api.whatsapp.com/send?phone=+919558194180&amp;text= | https://api.whatsapp.com/send?phone=+918238261610&amp;text= | https://api.whatsapp.com/send?phone=+918238250006&amp;text=Hello | https://api.whatsapp.com/send?phone=+91","","",broken
"https://mozartrealty.in",30,13,10,3,"https://api.whatsapp.com/send?phone=+919910597836&text=Hello, | https://wa.me/+919910597836","91209919975028","",broken
"https://vivaandentalclinic.com",30,15,12,3,"http://wa.me/+918901518135 | https://wa.me/+918901518135","9120890152018135","",broken
"https://kgrnaudit.com",35,10,7,3,"https://wa.me/971545864906","97145570204 | 97145570204","",broken
"https://jainanuragassociates.com",35,11,8,3,"https://api.whatsapp.com/send?phone=+919322949820&amp;text=Looking","912241271751 | 912241271751","",broken
"https://udaipurtravelagent.com",40,5,2,3,"","911234567890 | 91123456789 | 91123456789","",broken
"https://littlebigkitchen.com",60,5,3,2,"","08764050000 | 08764050000","",broken
"https://www.hycinthhotels.com",60,4,2,2,"","04716662999 | 914716662999","",broken
"https://goatravelcompany.com",55,11,9,2,"https://wa.me/+917018537498","91208091333638","",broken
"https://travelstop.in",60,9,7,2,"","912634230555 | 912612786305","",broken
"https://jaipurkurti.com",60,6,4,2,"","91209314966969 | 91208078678116","",broken
"https://parthdentalclinic.com",60,3,1,2,"","0924731000020 | 09247310000","",broken
"https://www.coimbatoretourstravels.com",55,7,5,2,"https://wa.me/+919566655435?text=Hello%20Coimbatore%20Tours%20%26%20Travels%2C%20I%20need%20Your%20Service%3F","04224348233","",broken
"https://www.rentcaragra.com",50,14,12,2,"http://wa.me/+918433097793 | https://wa.me/message/BM4UCL7IVCCSJ1","","",broken
"https://www.fotosstudio.co.in",50,20,18,2,"https://wa.me/message/FAKNKOO6FWKCP1 | https://wa.me/917860872978&quot;","","",broken
"https://akshayaindia.com",60,5,3,2,"","914444117575 | 91444117575","",broken
"https://nitsaholidays.in",50,8,6,2,"https://api.whatsapp.com/send?phone=+918585999958&text= | https://api.whatsapp.com/send?phone=+918585999958&amp;text=","","",broken
"https://glamordesigns.in",55,7,5,2,"https://wa.me/message/NFLUBGZZXNFPI1","07350310474","",broken
"https://www.beyondthecore.in",55,17,15,2,"https://wa.me/+919896150965","98765432122","",broken
"https://cagnassociates.com",55,9,7,2,"https://api.whatsapp.com/send?phone=+917300408901&amp;text=Hi","911414038528","",broken
"https://neetcoachingmumbai.com",80,9,8,1,"","209324475566","",broken
"https://www.arunexcello.com",80,9,8,1,"","914428412841","",broken
"https://www.mallubroker.com",75,6,5,1,"https://wa.me/+918891221919?text=Hi","","",broken
"https://guptadentalclinic.com",80,14,13,1,"","911244270224","",broken
"https://healthspaceclinic.com",80,3,2,1,"","02223631543","",broken
"https://www.thehairbooksalon.com",75,6,5,1,"https://wa.me/963417xxxx","","",broken
"https://thebeautystation.in",75,7,6,1,"https://api.whatsapp.com/send?phone=+919026517635&#038;text=Hi,%20I%20just%20visited%20your%20website.%20Can%20you%20provide%20me%20more%20details%20about%20your%20services?","","",broken
"https://shenmesalon.com",75,13,12,1,"https://api.whatsapp.com/send?phone=+918429021804&amp;text=Hello%2C+She+N+Me+Salon+%21","","",broken
"https://chattelsdesign.com",75,10,9,1,"https://wa.me/61499281839&text=Hello%2C%20World!","","",broken
"https://bfssalonandspa.com",80,5,4,1,"","91209331010720","",broken
"https://www.zenithinterior.com",75,6,5,1,"https://wa.me/+919841645985","","",broken
"https://jrkinteriors.co.in",75,14,13,1,"https://wa.me/+916383539097","","",broken
"https://www.bssridhar.com",85,15,14,1,"","","&#115;&#114;i&#100;h&#97;r&#64;bssri&#100;har&#46;&#99;om",broken
"https://www.skyfitnessindia.com",80,4,3,1,"","91988172029728","",broken
"https://www.sreechakraspa.com",80,7,6,1,"","910860667322820","",broken
"https://taisoindia.com",75,9,8,1,"https://api.whatsapp.com/send?phone=+917718845104&amp;text=Hi!","","",broken
"https://www.villamaya.in",80,5,4,1,"","914712578901","",broken
"https://www.karancarrental.com",75,7,6,1,"https://wa.me/+919517006009","","",broken
"https://www.holidayguidetours.com",80,9,8,1,"","03379636044","",broken
"https://weddingplannersinjaipur.com",75,1,0,1,"https://wa.me/+917568973020","","",broken
"https://studiovisionphotography.com",75,14,13,1,"https://wa.me/+919713303655","","",broken
"https://suranajewellers.com",80,28,27,1,"","91141401840104","",broken
"https://tyaani.com",80,54,53,1,"","919619587978220202020","",broken
"https://www.speedmotorsmumbai.in",75,7,6,1,"https://wa.me/+919324613813","","",broken
"https://seraphicdental.com",75,14,13,1,"https://wa.me/+919993384941?text=Hello","","",broken
"https://showoffsalon.in",80,2,1,1,"","09111800042","",broken
"https://rhythmplayschool.com",75,9,8,1,"https://wa.me/+919899852000","","",broken
"https://www.sanacademy.edu.in",80,13,12,1,"","04422590768","",broken
"https://wps.edu.in",80,10,9,1,"","02048555444","",broken
"https://tutionjaipur.com",75,3,2,1,"https://wa.me/+91-9509399521","","",broken
"https://www.catalyser.in",75,23,22,1,"https://api.whatsapp.com/send?phone=+919109120115&text=Hello","","",broken
"https://smiledentalclinicindore.in",80,13,12,1,"","07313534121","",broken
"https://polydental.in",80,8,7,1,"","942502055620","",broken
"https://nbpinteriors.in",75,4,3,1,"https://wa.me/+919636391707","","",broken
"https://www.zuuzuuholidays.com",75,7,6,1,"https://api.whatsapp.com/send?phone=wa.me/919952413566","","",broken
"https://coimbatoretourstravel.com",80,7,6,1,"","9109677388996","",broken
"https://www.carbooking.org",75,8,7,1,"https://api.whatsapp.com/send?phone=+919810833751&amp;text=Hello","","",broken
"https://thirdimediaproductions.com",75,2,1,1,"https://wa.me/+919995255183","","",broken
"https://ramdevinterior.in",75,9,8,1,"https://wa.me/+919662057046","","",broken
"https://krutico.com",75,6,5,1,"https://api.whatsapp.com/send?phone=9173573","","",broken
"https://mirajfamilysalon.com",85,7,6,1,"","","&#105;&#110;fo&#064;&#109;&#105;&#114;a&#106;&#102;&#097;&#109;&#105;l&#121;&#115;&#097;lo&#110;.com",broken
"https://matrixsiliconsalon.in",80,2,1,1,"","07748981234","",broken
"https://cafechaicoffee.com",75,6,5,1,"https://wa.me/+919561159994?text=Enquiry-from-Website","","",broken
"https://orchidunisexsalon.com",80,4,3,1,"","18223844233","",broken
"https://www.myrahspa.com",75,19,18,1,"https://api.whatsapp.com/send?phone=+919967797574&text=Hi","","",broken
"https://creativelooksunisexsalon.com",75,3,2,1,"https://api.whatsapp.com/send?phone=+919111138112","","",broken
"https://www.iosiswellness.com",75,4,3,1,"https://api.whatsapp.com/send?phone=+919820036730","","",broken
"https://allurethaispa.in",75,8,7,1,"https://api.whatsapp.com/send?phone=7620049769‬","","",broken
"https://www.hyderabadeventmanagement.com",75,3,2,1,"https://wa.me/+919566966198?text=Hello","","",broken
"https://starkfitnesskochi.com",80,4,3,1,"","09745011000","",broken
"https://thaperdental.com",80,15,14,1,"","911414003340","",broken
"https://mittaldentalclinic.com",80,6,5,1,"","911412811101","",broken
"https://nissanshkota.com",80,6,5,1,"","08696119111","",broken
"https://shaguntourudaipur.com",80,5,4,1,"","91","",broken
"https://larastyles.com",80,17,16,1,"","9120739702012221","",broken
"https://shreepadgroup.com",75,18,17,1,"https://api.whatsapp.com/send?phone=+91","","",broken
"https://www.treecaferestaurant.com",75,7,6,1,"https://api.whatsapp.com/send?phone=+918393895353&amp;text=Hello","","",broken
"https://mistryandshah.com",75,7,6,1,"https://wa.me/message/V6NVS24NKBMFL1","","",broken
"https://www.shreejijewell.com",100,0,0,0,"","","",zero-contact
"https://raiinbowinteriors.com",100,0,0,0,"","","",zero-contact
"https://dojo.org.in",100,0,0,0,"","","",zero-contact
"https://puneinteriordesigner.com",100,0,0,0,"","","",zero-contact
"https://www.interiogroup.com",100,0,0,0,"","","",zero-contact
"https://oceanglamoursalon.com",100,0,0,0,"","","",zero-contact
"https://www.keralatouroperators.com",100,0,0,0,"","","",zero-contact
"https://manalihoneymoonpackage.com",100,0,0,0,"","","",zero-contact
"https://charviboutique.com",100,0,0,0,"","","",zero-contact
"https://www.shridattajewel.com",100,0,0,0,"","","",zero-contact
"https://madurafin.com",100,0,0,0,"","","",zero-contact
"https://www.bennymonholidays.in",100,0,0,0,"","","",zero-contact
"https://www.carrentalagra.com",100,0,0,0,"","","",zero-contact
"https://firstinteriors.in",100,0,0,0,"","","",zero-contact
"https://pritidiamond.com",100,0,0,0,"","","",zero-contact
"https://bluequeenjewels.com",100,0,0,0,"","","",zero-contact
"https://justfoodies.in",100,0,0,0,"","","",zero-contact
"https://lucknowweddingstudio.com",100,0,0,0,"","","",zero-contact
"https://desireevent.in",100,0,0,0,"","","",zero-contact
"https://kotacoachingclass.com",100,0,0,0,"","","",zero-contact
"https://rhjewellers.in",100,0,0,0,"","","",zero-contact
"https://ajayjewellers.in",100,0,0,0,"","","",zero-contact
"https://cacpjain.com",100,0,0,0,"","","",zero-contact
"https://vrajrealty.com",100,0,0,0,"","","",zero-contact
"https://avis-fitnessstudio.com",100,0,0,0,"","","",zero-contact
"https://fitwithpratik.com",100,0,0,0,"","","",zero-contact
"https://foxxdental.co.in",0,0,0,0,"","","",unreachable
"https://kautilyadevelopers.in",0,0,0,0,"","","",unreachable
"https://www.punjabgrill.in",0,0,0,0,"","","",unreachable
"https://www.cloudtiffin.com",0,0,0,0,"","","",unreachable
"https://jainamjewels1996.com",0,0,0,0,"","","",unreachable
"https://www.carvaidya.com",0,0,0,0,"","","",unreachable
"https://rajindiatours.com",0,0,0,0,"","","",unreachable
"https://getroshniboutique.shop",0,0,0,0,"","","",unreachable
"https://mechanicbabu.in",0,0,0,0,"","","",unreachable
"https://vehiclecare.in",0,0,0,0,"","","",unreachable